GYM Name,Address,Area,City,State
Ritu Healthy Diet,"Bodakdev, Ahmedabad, Gujarat",Bodakdev,Ahmedabad,Gujarat
Buy Product Of Herbalife From Center,"Bodakdev, Ahmedabad, Gujarat",Bodakdev,Ahmedabad,Gujarat
Ipcu (Integrated Physical Care Unit),"Bodakdev, Ahmedabad, Gujarat",Bodakdev,Ahmedabad,Gujarat
Aura Vitalize International,"Bodakdev, Ahmedabad, Gujarat",Bodakdev,Ahmedabad,Gujarat
Ritas  Pregnancy 101,"Bodakdev, Ahmedabad, Gujarat",Bodakdev,Ahmedabad,Gujarat
Biorhythm Aerial,"Bodakdev, Ahmedabad, Gujarat",Bodakdev,Ahmedabad,Gujarat
Kicks Club,"Bodakdev, Ahmedabad, Gujarat",Bodakdev,Ahmedabad,Gujarat
Samurai Fitness : Lift Smiles Not Just Weights,"Bodakdev, Ahmedabad, Gujarat",Bodakdev,Ahmedabad,Gujarat
I Lift Fitness Gym Llp,"Bodakdev, Ahmedabad, Gujarat",Bodakdev,Ahmedabad,Gujarat
Nihon Karate,"Bodakdev, Ahmedabad, Gujarat",Bodakdev,Ahmedabad,Gujarat
Belly N Baby   Pregnancy And Prenatal Yoga | Postnatal Care And Lactation Counseling,"Bodakdev, Ahmedabad, Gujarat",Bodakdev,Ahmedabad,Gujarat
Sporting Arc,"Bodakdev, Ahmedabad, Gujarat",Bodakdev,Ahmedabad,Gujarat
Space Fitness,"Bodakdev, Ahmedabad, Gujarat",Bodakdev,Ahmedabad,Gujarat
Parsana Health Centre Pvt Ltd,"Bodakdev, Ahmedabad, Gujarat",Bodakdev,Ahmedabad,Gujarat
Parsana Health Center,"Bodakdev, Ahmedabad, Gujarat",Bodakdev,Ahmedabad,Gujarat
Global Fitness,"Bodakdev, Ahmedabad, Gujarat",Bodakdev,Ahmedabad,Gujarat
Sfwthegym Bodakdev,"Bodakdev, Ahmedabad, Gujarat",Bodakdev,Ahmedabad,Gujarat
Samurai Fitness Studio,"Bodakdev, Ahmedabad, Gujarat",Bodakdev,Ahmedabad,Gujarat
Spark Fitness,"Bodakdev, Ahmedabad, Gujarat",Bodakdev,Ahmedabad,Gujarat
Available Herbalife Products,"Bodakdev, Ahmedabad, Gujarat",Bodakdev,Ahmedabad,Gujarat
Sizzling Steps Dance Studio,"Bodakdev, Ahmedabad, Gujarat",Bodakdev,Ahmedabad,Gujarat
Government Gym,"C G Road, Ahmedabad, Gujarat",C G Road,Ahmedabad,Gujarat
Nutrition Centre,"C G Road, Ahmedabad, Gujarat",C G Road,Ahmedabad,Gujarat
Careerxone.Com,"C G Road, Ahmedabad, Gujarat",C G Road,Ahmedabad,Gujarat
Fusion,"C G Road, Ahmedabad, Gujarat",C G Road,Ahmedabad,Gujarat
Shilpagya,"C G Road, Ahmedabad, Gujarat",C G Road,Ahmedabad,Gujarat
Decathlon,"C G Road, Ahmedabad, Gujarat",C G Road,Ahmedabad,Gujarat
Proline Fitness,"C G Road, Ahmedabad, Gujarat",C G Road,Ahmedabad,Gujarat
Sabarmati Karate School,"C G Road, Ahmedabad, Gujarat",C G Road,Ahmedabad,Gujarat
The Fitt Wave,"C G Road, Ahmedabad, Gujarat",C G Road,Ahmedabad,Gujarat
Ashis Dance Company,"C G Road, Ahmedabad, Gujarat",C G Road,Ahmedabad,Gujarat
Suraksha Maharaja,"C G Road, Ahmedabad, Gujarat",C G Road,Ahmedabad,Gujarat
Orient Club,"Ellis Bridge, Ahmedabad, Gujarat",Ellis Bridge,Ahmedabad,Gujarat
Easy Burn,"Ellis Bridge, Ahmedabad, Gujarat",Ellis Bridge,Ahmedabad,Gujarat
Yhai Ahmedabad,"Ellis Bridge, Ahmedabad, Gujarat",Ellis Bridge,Ahmedabad,Gujarat
Namah Merchandise Private Limited,"Ellis Bridge, Ahmedabad, Gujarat",Ellis Bridge,Ahmedabad,Gujarat
Sahil Davda,"Ellis Bridge, Ahmedabad, Gujarat",Ellis Bridge,Ahmedabad,Gujarat
Fitness And Wellness,"Ellis Bridge, Ahmedabad, Gujarat",Ellis Bridge,Ahmedabad,Gujarat
Blackdragons Karate Academy,"Ellis Bridge, Ahmedabad, Gujarat",Ellis Bridge,Ahmedabad,Gujarat
Shivhari Astro   Reiki Centre,"Ellis Bridge, Ahmedabad, Gujarat",Ellis Bridge,Ahmedabad,Gujarat
B1 Crossfit,"Ellis Bridge, Ahmedabad, Gujarat",Ellis Bridge,Ahmedabad,Gujarat
Wing Chun Kung Fu,"Ellis Bridge, Ahmedabad, Gujarat",Ellis Bridge,Ahmedabad,Gujarat
Clubhouse Nami Residency Sabarmati Riverfront Ahmedabad,"Ellis Bridge, Ahmedabad, Gujarat",Ellis Bridge,Ahmedabad,Gujarat
Ellisbridge Arogya Samiti,"Ellis Bridge, Ahmedabad, Gujarat",Ellis Bridge,Ahmedabad,Gujarat
C.N Ethletic Acadamy,"Ellis Bridge, Ahmedabad, Gujarat",Ellis Bridge,Ahmedabad,Gujarat
Body Care Gym And Health Center,"Gheekanta, Ahmedabad, Gujarat",Gheekanta,Ahmedabad,Gujarat
Nritya Shilpi Academy,"Gheekanta, Ahmedabad, Gujarat",Gheekanta,Ahmedabad,Gujarat
Ezeeslim Fitness Health Centre,"Gulbai Tekra, Ahmedabad, Gujarat",Gulbai Tekra,Ahmedabad,Gujarat
Nishka Apartement,"Gulbai Tekra, Ahmedabad, Gujarat",Gulbai Tekra,Ahmedabad,Gujarat
U C O Bank Regional Training Centre,"Khanpur, Ahmedabad, Gujarat",Khanpur,Ahmedabad,Gujarat
Fitness Solution,"Khanpur, Ahmedabad, Gujarat",Khanpur,Ahmedabad,Gujarat
Dharms Farm,"Khanpur, Ahmedabad, Gujarat",Khanpur,Ahmedabad,Gujarat
Zumba Certification Training,"Khanpur, Ahmedabad, Gujarat",Khanpur,Ahmedabad,Gujarat
Muscle Up Gym,"Khanpur, Ahmedabad, Gujarat",Khanpur,Ahmedabad,Gujarat
Body Challenge Health Club,"Lal Darwaja, Ahmedabad, Gujarat",Lal Darwaja,Ahmedabad,Gujarat
Silverline Surgical,"Lal Darwaja, Ahmedabad, Gujarat",Lal Darwaja,Ahmedabad,Gujarat
Parsi Gymkhana,"Lal Darwaja, Ahmedabad, Gujarat",Lal Darwaja,Ahmedabad,Gujarat
My Fitness Bank Gym,"Lal Darwaja, Ahmedabad, Gujarat",Lal Darwaja,Ahmedabad,Gujarat
Riyaz Bag,"Lal Darwaja, Ahmedabad, Gujarat",Lal Darwaja,Ahmedabad,Gujarat
Parsana Fitness And Gym,"Lal Darwaja, Ahmedabad, Gujarat",Lal Darwaja,Ahmedabad,Gujarat
Y.M.Fitness Studio,"Lal Darwaja, Ahmedabad, Gujarat",Lal Darwaja,Ahmedabad,Gujarat
Fitness Solutions,"Lal Darwaja, Ahmedabad, Gujarat",Lal Darwaja,Ahmedabad,Gujarat
Anytime Fitness,"Lal Darwaja, Ahmedabad, Gujarat",Lal Darwaja,Ahmedabad,Gujarat
Urban Nirvana Spa,"Lal Darwaja, Ahmedabad, Gujarat",Lal Darwaja,Ahmedabad,Gujarat
Yoga Therapist,"Lal Darwaja, Ahmedabad, Gujarat",Lal Darwaja,Ahmedabad,Gujarat
Yhai,"Lal Darwaja, Ahmedabad, Gujarat",Lal Darwaja,Ahmedabad,Gujarat
Ym Fitness Studio,"Lal Darwaja, Ahmedabad, Gujarat",Lal Darwaja,Ahmedabad,Gujarat
Naaz Fitness Center (Only For Ladies),"Lal Darwaja, Ahmedabad, Gujarat",Lal Darwaja,Ahmedabad,Gujarat
Fitness Battalain The Gym,"Mani Nagar, Ahmedabad, Gujarat",Mani Nagar,Ahmedabad,Gujarat
Ceragem Maninagar,"Mani Nagar, Ahmedabad, Gujarat",Mani Nagar,Ahmedabad,Gujarat
Ezee Slim Fitness Centre,"Mani Nagar, Ahmedabad, Gujarat",Mani Nagar,Ahmedabad,Gujarat
Gimnasio,"Mani Nagar, Ahmedabad, Gujarat",Mani Nagar,Ahmedabad,Gujarat
Charly Fitness,"Mani Nagar, Ahmedabad, Gujarat",Mani Nagar,Ahmedabad,Gujarat
Urban Fitness,"Mani Nagar, Ahmedabad, Gujarat",Mani Nagar,Ahmedabad,Gujarat
Feelfit Gymnastics And Dance Center,"Maninagar, Ahmedabad, Gujarat",Maninagar,Ahmedabad,Gujarat
Nidhis Yoga Hub,"Maninagar, Ahmedabad, Gujarat",Maninagar,Ahmedabad,Gujarat
Hetals Yog Clinic Maninagar,"Maninagar, Ahmedabad, Gujarat",Maninagar,Ahmedabad,Gujarat
Life Fitness Club Maninagar,"Maninagar, Ahmedabad, Gujarat",Maninagar,Ahmedabad,Gujarat
Hr Fitness Gym Maninagar,"Maninagar, Ahmedabad, Gujarat",Maninagar,Ahmedabad,Gujarat
Inferno Infosec,"Maninagar, Ahmedabad, Gujarat",Maninagar,Ahmedabad,Gujarat
A Force Dance And Gymnastics Company. (Valam Raasgarba And Bungee Fitness Class),"Maninagar, Ahmedabad, Gujarat",Maninagar,Ahmedabad,Gujarat
Bhakti Yoga And Zumba Studio,"Maninagar, Ahmedabad, Gujarat",Maninagar,Ahmedabad,Gujarat
Revo International Llp,"Mithakhali, Ahmedabad, Gujarat",Mithakhali,Ahmedabad,Gujarat
Yogini Maya,"Mithakhali, Ahmedabad, Gujarat",Mithakhali,Ahmedabad,Gujarat
"Matrubhavan, Sri Aurobindo Center","Navrangpura, Ahmedabad, Gujarat",Navrangpura,Ahmedabad,Gujarat
"Fortune Sports,","Navrangpura, Ahmedabad, Gujarat",Navrangpura,Ahmedabad,Gujarat
Fortune And Co,"Navrangpura, Ahmedabad, Gujarat",Navrangpura,Ahmedabad,Gujarat
Fit 365 Nutrition Hub,"Navrangpura, Ahmedabad, Gujarat",Navrangpura,Ahmedabad,Gujarat
Yoga Teacher In Ahmedabad,"Navrangpura, Ahmedabad, Gujarat",Navrangpura,Ahmedabad,Gujarat
Abha Thakkar,"Navrangpura, Ahmedabad, Gujarat",Navrangpura,Ahmedabad,Gujarat
Vipassana Ahmedabad Office,"Navrangpura, Ahmedabad, Gujarat",Navrangpura,Ahmedabad,Gujarat
Total Sports And Fitness,"Navrangpura, Ahmedabad, Gujarat",Navrangpura,Ahmedabad,Gujarat
Black Rhino Fitness,"Navrangpura, Ahmedabad, Gujarat",Navrangpura,Ahmedabad,Gujarat
Osho Glimpse,"Navrangpura, Ahmedabad, Gujarat",Navrangpura,Ahmedabad,Gujarat
Repose Yoga,"Navrangpura, Ahmedabad, Gujarat",Navrangpura,Ahmedabad,Gujarat
Vanitarama Health Plus,"Navrangpura, Ahmedabad, Gujarat",Navrangpura,Ahmedabad,Gujarat
Vanitarama Healthplus,"Navrangpura, Ahmedabad, Gujarat",Navrangpura,Ahmedabad,Gujarat
Nrityabharti,"Paldi, Ahmedabad, Gujarat",Paldi,Ahmedabad,Gujarat
Aura Yoga And Dance Studio Paldi Ahmedabad,"Paldi, Ahmedabad, Gujarat",Paldi,Ahmedabad,Gujarat
Yogi Fitness Zone And Gym,"Paldi, Ahmedabad, Gujarat",Paldi,Ahmedabad,Gujarat
Aadi Centre,"Paldi, Ahmedabad, Gujarat",Paldi,Ahmedabad,Gujarat
Optimus Health And Fitness,"Paldi, Ahmedabad, Gujarat",Paldi,Ahmedabad,Gujarat
Yogi Health Complex,"Paldi, Ahmedabad, Gujarat",Paldi,Ahmedabad,Gujarat
Kfa Fitness Studio,"Paldi, Ahmedabad, Gujarat",Paldi,Ahmedabad,Gujarat
Tunes N Turns,"Paldi, Ahmedabad, Gujarat",Paldi,Ahmedabad,Gujarat
Nach The Dance Studio,"Paldi, Ahmedabad, Gujarat",Paldi,Ahmedabad,Gujarat
Vidyadharbhai Vyas,"Paldi, Ahmedabad, Gujarat",Paldi,Ahmedabad,Gujarat
Priyal Health Care,"Paldi, Ahmedabad, Gujarat",Paldi,Ahmedabad,Gujarat
Sway Dance Studio,"Paldi, Ahmedabad, Gujarat",Paldi,Ahmedabad,Gujarat
Vr Fitness Gym,"Paldi, Ahmedabad, Gujarat",Paldi,Ahmedabad,Gujarat
Sports Plaza,"Patthar Kuva, Ahmedabad, Gujarat",Patthar Kuva,Ahmedabad,Gujarat
Ruchi Yoga Studio,"Satellite, Ahmedabad, Gujarat",Satellite,Ahmedabad,Gujarat
Weight Management And Diet Planning Centre,"Satellite, Ahmedabad, Gujarat",Satellite,Ahmedabad,Gujarat
Aman Sports And Toys,"Satellite, Ahmedabad, Gujarat",Satellite,Ahmedabad,Gujarat
Zanzaree Group Dance Class And Dance Academy,"Satellite, Ahmedabad, Gujarat",Satellite,Ahmedabad,Gujarat
Biorhythm Yoga Studio,"Satellite, Ahmedabad, Gujarat",Satellite,Ahmedabad,Gujarat
The Z Spa,"Satellite, Ahmedabad, Gujarat",Satellite,Ahmedabad,Gujarat
Shri Rang Milan Kala Mandal,"Shahpur, Ahmedabad, Gujarat",Shahpur,Ahmedabad,Gujarat
